{"\u5317\u4eac\u5e02": 16.62, "\u5929\u6d25\u5e02": 9.74198558434872, "\u6cb3\u5317\u7701": 15.1382203665275, "\u5c71\u897f\u7701": 13.6632435918104, "\u5185\u8499\u53e4\u81ea\u6cbb\u533a": 19.9555107958255, "\u8fbd\u5b81\u7701": 13.4417152649548, "\u5409\u6797\u7701": 13.5489012931283, "\u9ed1\u9f99\u6c5f\u7701": 13.598362246842, "\u4e0a\u6d77\u5e02": 9.02354755907979, "\u6c5f\u82cf\u7701": 15.6041967523949, "\u6d59\u6c5f\u7701": 12.866860684485, "\u5b89\u5fbd\u7701": 14.4909963862172, "\u798f\u5efa\u7701": 15.0099915554805, "\u6c5f\u897f\u7701": 16.2215992023928, "\u5c71\u4e1c\u7701": 17.9446346794465, "\u6cb3\u5357\u7701": 15.0803921425495, "\u6e56\u5317\u7701": 14.628591907477, "\u6e56\u5357\u7701": 12.6138026045593, "\u5e7f\u4e1c\u7701": 17.740774996746, "\u5e7f\u897f\u58ee\u65cf\u81ea\u6cbb\u533a": 13.8049365607981, "\u6d77\u5357\u7701": 12.9558657685391, "\u91cd\u5e86\u5e02": 16.667860519235, "\u56db\u5ddd\u7701": 13.7323509894876, "\u8d35\u5dde\u7701": 16.0111232495779, "\u4e91\u5357\u7701": 12.9401355495225, "\u897f\u85cf\u81ea\u6cbb\u533a": 13.3270278605942, "\u9655\u897f\u7701": 12.9010658963349, "\u7518\u8083\u7701": 14.877207192613, "\u9752\u6d77\u7701": 12.8086012640835, "\u5b81\u590f\u56de\u65cf\u81ea\u6cbb\u533a": 20.4839102174122, "\u65b0\u7586\u7ef4\u543e\u5c14\u81ea\u6cbb\u533a": 15.400605184906}